user.id,user.firstname,user.lastname,user.password,user.age,user.gender,user.admin
ubkxr@Oradinosaur.com,Austin,Armstrong,BI48A20B18,21,0,1
reywi@Oradinosaur.com,Steven,Wells,PA98R99V46,31,1,1
ykxur@Oradinosaur.com,Anthony,Fowler,ZG85L38R14,58,1,1
cxbup@Oradinosaur.com,Eric,McKinney,IU70F13H39,27,1,1
kdfgg@Oradinosaur.com,Julian,Phillips,RZ22M68A58,31,1,1
myqft@Oradinosaur.com,Jorge,Drake,OI72J60U49,54,0,0
lhksm@Oradinosaur.com,Mary,Graves,SV58X50S61,87,1,0
huhpr@Oradinosaur.com,Johanna,Allen,PJ87S42M87,48,1,0
akygl@Oradinosaur.com,Minerva,Hawkins,RJ41W74V30,45,1,0
tovte@Oradinosaur.com,Frances,Arnold,OS73U48Q47,41,0,0
crmby@Oradinosaur.com,Angel,Morrison,VR30N40L68,43,1,0
nrkuw@Oradinosaur.com,Connor,Evans,JV75J27E47,84,1,0
lrxcr@Oradinosaur.com,Alvin,Murray,GZ90I84N22,13,0,0
jeowv@Oradinosaur.com,Herbert,Jordan,QE23Q83I60,17,0,0
tkwev@Oradinosaur.com,Bruce,Jennings,OM89Y95C51,27,0,0
xzaqe@Oradinosaur.com,Calvin,Hoffman,JU75X97X25,13,1,0
amxpw@Oradinosaur.com,Johanna,Brown,ZF45L22F73,74,1,0
kybrd@Oradinosaur.com,Florence,Hopkins,FA88G80E62,39,0,0
kxjeb@Oradinosaur.com,Evan,Ball,PQ40B63V16,81,0,0
enfdm@Oradinosaur.com,Josephine,Hanson,EN11E87R86,63,0,0
ckqyu@Oradinosaur.com,Scott,Powers,TF53Z51Q79,70,1,0
vbqty@Oradinosaur.com,Mason,Ray,BN27Q64H42,46,1,0
qemvm@Oradinosaur.com,Lydia,Houston,VR33F46H79,71,1,0
xyxrc@Oradinosaur.com,Nina,Powers,NO68H51N17,22,0,0
qulge@Oradinosaur.com,Dora,Wilkins,FA63C71J76,45,0,0
mjwmp@Oradinosaur.com,Jordan,Reynolds,BY29Y67A68,48,1,0
migws@Oradinosaur.com,Leon,Hoffman,RZ50M93P26,18,0,0
joucj@Oradinosaur.com,Francis,Herrera,DK28H81Q37,27,1,0
oglal@Oradinosaur.com,Jesse,Frank,JO46Y24F82,23,1,0
sbxce@Oradinosaur.com,Elijah,Alvarado,NP67K89Z42,17,1,0
ilmzp@Oradinosaur.com,Walter,Cole,RO96G37F87,82,0,0
cqnpp@Oradinosaur.com,Jose,Lynch,WE81E92Z38,17,1,0
trkyx@Oradinosaur.com,Jack,Russell,FF67P68H26,45,1,0
pxtkr@Oradinosaur.com,Jean,Holt,WC31E77S98,87,1,0
keana@Oradinosaur.com,Eunice,Rivera,PJ95G69L24,37,0,0
bvlyu@Oradinosaur.com,Jean,Dunn,WI44I11T17,42,1,0
fxbts@Oradinosaur.com,Luella,Powers,LH58Q92G13,28,1,0
dsmmn@Oradinosaur.com,Justin,Nash,EK26Z34U44,64,0,0
gwrog@Oradinosaur.com,Alejandro,Harrison,JU58V86L56,76,0,0
fczbu@Oradinosaur.com,David,Bridges,GA99I48H94,18,1,0
dohjv@Oradinosaur.com,Bryan,Gibson,ID58H53T55,44,0,0
ocqzv@Oradinosaur.com,Corey,Bryant,OX30L59E31,36,1,0
dkcxt@Oradinosaur.com,Sue,Simpson,LK73A58E58,59,0,0
dpimn@Oradinosaur.com,Ronnie,Hudson,IH99N11U97,66,0,0
njphv@Oradinosaur.com,Eliza,Garcia,XY72P11P76,71,0,0
qkbfx@Oradinosaur.com,Herman,Ramsey,FI86O91Z57,81,0,0
yiakl@Oradinosaur.com,Ola,Fuller,BX81J91F88,20,0,0
fjmoz@Oradinosaur.com,Annie,Vargas,TU33F69B95,67,0,0
cibnn@Oradinosaur.com,Peter,Cunningham,ZV65Q86N96,58,1,0
iplwy@Oradinosaur.com,Michael,Graham,YU10H12E71,40,0,0
vrilf@Oradinosaur.com,Arthur,Fowler,OR63R38Q89,30,1,0
tgauq@Oradinosaur.com,David,Manning,NT70U57B19,67,1,0
pgtsy@Oradinosaur.com,Margaret,Lyons,SH10O44Y52,73,1,0
witfv@Oradinosaur.com,Travis,Kelly,GX23S51Y77,34,1,0
obmgi@Oradinosaur.com,Marie,Moore,FU26S86H95,99,1,0
uwhra@Oradinosaur.com,Hattie,Haynes,TQ76S31P14,75,1,0
eftmp@Oradinosaur.com,Logan,Wright,UQ58D60C59,87,0,0
vahxo@Oradinosaur.com,Hilda,Barber,WE89E50P80,37,0,0
qbfup@Oradinosaur.com,Jordan,Sandoval,GN44H97U96,28,0,0
gmiyr@Oradinosaur.com,Raymond,Nash,PS98Z17C42,81,1,0
ladva@Oradinosaur.com,Corey,Fernandez,NM38F17B97,47,1,0
osrny@Oradinosaur.com,Scott,Chapman,HM66W85I72,37,0,0
svptz@Oradinosaur.com,Gabriel,Harmon,LW86O56B79,59,1,0
fgwoi@Oradinosaur.com,Russell,Hill,CL53A38N76,100,0,0
alrwz@Oradinosaur.com,David,Neal,NQ94W17S93,54,1,0
jemyx@Oradinosaur.com,Sophia,Reese,JW23U40X27,66,1,0
lbroq@Oradinosaur.com,Allen,Porter,AX25B85H75,43,1,0
qrlsz@Oradinosaur.com,Mabelle,Fleming,HK76R90Z32,75,0,0
nsfbw@Oradinosaur.com,Amy,Goodman,HI67D43I32,58,1,0
uazng@Oradinosaur.com,Tony,Holloway,WG80M86Z46,96,1,0
vmdcq@Oradinosaur.com,Cameron,Williams,FL37M78I25,51,1,0
mgldy@Oradinosaur.com,Maria,Ross,LH77H17E93,91,1,0
nnrxs@Oradinosaur.com,Sue,Payne,NG56J60U56,23,1,0
obygq@Oradinosaur.com,Lillie,Waters,DK40G92K56,77,0,0
usdwa@Oradinosaur.com,Theodore,Webb,WO72O10M36,43,1,0
ivbbp@Oradinosaur.com,Owen,Welch,NZ82E48Q96,57,0,0
roiap@Oradinosaur.com,Adam,Clark,IY68E41S60,77,1,0
gktsj@Oradinosaur.com,Jeanette,Sutton,NQ88W40U92,25,0,0
arort@Oradinosaur.com,Brett,Morrison,CS82L17C64,20,0,0
sslsw@Oradinosaur.com,Ryan,Palmer,EI88P53I11,31,1,0
ayuqz@Oradinosaur.com,Sally,Hines,VA53Z18I80,49,0,0
flovd@Oradinosaur.com,Joseph,Swanson,TX95Z36F16,23,0,0
mjsyi@Oradinosaur.com,Jackson,Frank,KC23F18D92,70,0,0
xshrf@Oradinosaur.com,Jesus,Boyd,RK28O98R73,63,1,0
uciaq@Oradinosaur.com,Leah,Newton,RG66A53L19,38,0,0
lytoc@Oradinosaur.com,Carrie,Poole,ZF50O43Y59,52,0,0
ubvze@Oradinosaur.com,Brian,Wells,EA61I14A60,92,0,0
fqenu@Oradinosaur.com,Herbert,Ward,XO40H29B62,87,1,0
shefl@Oradinosaur.com,Tyler,Bishop,CA30B66J84,69,0,0
qizip@Oradinosaur.com,Rodney,Pena,VY18H55E58,100,0,0
zbyaj@Oradinosaur.com,Luke,Walker,HY45M71B66,71,0,0
tyqbc@Oradinosaur.com,Edna,Miller,UD22C40N68,59,0,0
asjje@Oradinosaur.com,Kate,McDonald,OI96G99V18,60,0,0
exnau@Oradinosaur.com,Terry,Mills,LO30V89U24,79,0,0
qlrsb@Oradinosaur.com,Jay,Gardner,IC66Z34Q47,88,0,0
ptrtm@Oradinosaur.com,Johnny,Flores,EA92T33H15,25,1,0
yultw@Oradinosaur.com,Lilly,Griffin,JF82K45X18,35,1,0
awcwo@Oradinosaur.com,Jerry,Bell,DL47K19D92,20,0,0
zjend@Oradinosaur.com,Ray,Lewis,IT90X47I21,67,1,0
eside@Oradinosaur.com,Mayme,Davis,XO76F14G87,75,1,0
qtshb@Oradinosaur.com,Minerva,Fleming,AR36D70A71,54,0,0
vfjld@Oradinosaur.com,Emilie,Gill,LY26P82E60,81,1,0
divtj@Oradinosaur.com,Joseph,Nichols,JB82X54N60,79,1,0
mqpqm@Oradinosaur.com,Bobby,McBride,KB41M11M10,39,0,0
ehfpq@Oradinosaur.com,David,Brady,CS48K37X35,46,0,0
tnpha@Oradinosaur.com,Gregory,Shaw,WU98F91A33,83,1,0
qxcmx@Oradinosaur.com,Bill,May,SR19C65S47,84,0,0
gdoih@Oradinosaur.com,Bill,Hunter,GX63O13X38,12,1,0
xgeva@Oradinosaur.com,Francisco,Rodriguez,AF84X34B63,64,1,0
jnzhb@Oradinosaur.com,Hulda,Thompson,QX83S97F81,54,0,0
blbrz@Oradinosaur.com,Lillian,Underwood,AN66I74O77,91,0,0
pzbhi@Oradinosaur.com,Joel,Reese,MG16X98Z82,89,0,0
aalri@Oradinosaur.com,Cecelia,Francis,QY88X58R79,17,1,0
pigej@Oradinosaur.com,Allen,Hunt,AB55P36O67,21,0,0
umjuc@Oradinosaur.com,Myrtle,Newton,VJ19V89X30,21,0,0
rnpea@Oradinosaur.com,Gene,Phillips,CB12E26G64,67,1,0
yfcsx@Oradinosaur.com,Joseph,Logan,IG76A15G73,39,0,0
jzfxf@Oradinosaur.com,Della,Stanley,VL33M87K77,60,0,0
gwece@Oradinosaur.com,Benjamin,Torres,ZI20W63P43,74,1,0
epzij@Oradinosaur.com,Joseph,Rodriquez,GC85T75M12,50,1,0
kxwhq@Oradinosaur.com,Josie,Johnston,ER18A51J69,39,1,0
vgnua@Oradinosaur.com,Gene,Dunn,MA62L10C42,15,0,0
sbkuk@Oradinosaur.com,Ronald,Hughes,LJ76P42B73,68,1,0
mnogg@Oradinosaur.com,Allie,Ferguson,VG35U13F12,98,1,0
riopu@Oradinosaur.com,Nora,Hardy,FN94O11F61,83,1,0
syroy@Oradinosaur.com,Essie,Luna,XT39H92N58,45,0,0
oozjz@Oradinosaur.com,Frank,Martin,EX71O76W27,37,1,0
iowcd@Oradinosaur.com,Jason,McGee,JT48M29F82,56,1,0
nhfcj@Oradinosaur.com,Nina,Stevens,QX86D43O74,73,0,0
iykqw@Oradinosaur.com,Jason,Ramos,KZ42V73X67,35,0,0
jznhs@Oradinosaur.com,Marie,Daniels,DA91I18H25,95,0,0
fmfsf@Oradinosaur.com,Vernon,James,WL50X60S31,70,1,0
hovoc@Oradinosaur.com,Matilda,Salazar,LV62W69D98,57,1,0
uyebc@Oradinosaur.com,Mitchell,Byrd,WM88A53W72,56,1,0
mqgtc@Oradinosaur.com,Louise,Montgomery,TZ80W10B39,90,0,0
iwspf@Oradinosaur.com,Rosetta,Blair,UG46P54H34,79,0,0
rxpjh@Oradinosaur.com,Brent,Jones,PO66O13P52,100,0,0
mehor@Oradinosaur.com,Dean,Logan,ZK62X77N84,97,0,0
mcpzr@Oradinosaur.com,Richard,Williams,GW17H98P48,88,1,0
zfzbg@Oradinosaur.com,Susan,Scott,ZX74G88E24,52,1,0
gwrpj@Oradinosaur.com,Todd,Blair,MK80B31D12,78,0,0
mzfle@Oradinosaur.com,Gary,Owen,UQ91F69X45,97,1,0
ohvsm@Oradinosaur.com,Eula,Welch,DU62E86G65,40,1,0
flrkj@Oradinosaur.com,Mark,Francis,JN46B66I98,77,1,0
akcez@Oradinosaur.com,Nathaniel,Reyes,NJ84L81V62,83,1,0
erovu@Oradinosaur.com,Sara,Watson,EB36H90R25,75,0,0
kmkpr@Oradinosaur.com,Ronald,Garrett,ZV95N14D22,17,1,0
efppw@Oradinosaur.com,Evan,Rogers,CR93J93Y40,29,1,0
goqby@Oradinosaur.com,Ernest,Harrison,RV25Q10C45,98,1,0
xxmrj@Oradinosaur.com,Kevin,Kelly,VZ96Y46G22,66,1,0
lgeyo@Oradinosaur.com,Gabriel,Olson,CZ26V15H24,20,1,0
etmst@Oradinosaur.com,Dora,Duncan,FU99O82V54,88,1,0
hecye@Oradinosaur.com,Myra,Wilson,HH89B89J15,43,1,0
rgqtn@Oradinosaur.com,Phillip,Johnson,DG68Y21E42,18,1,0
uksfw@Oradinosaur.com,Roy,Lewis,PC56F80V17,93,0,0
ehyxz@Oradinosaur.com,Roger,Zimmerman,NO27A21R68,58,0,0
komvg@Oradinosaur.com,Maud,Day,UO53R76H30,42,0,0
joqke@Oradinosaur.com,Louise,Gardner,QC33P47B56,61,1,0
fglwd@Oradinosaur.com,Dale,Gonzalez,JZ65V78Z84,93,1,0
xuquj@Oradinosaur.com,Jeanette,Logan,ZH50K88P45,98,1,0
vuusy@Oradinosaur.com,Jeffrey,Guerrero,ZH77A52A87,77,0,0
imfix@Oradinosaur.com,Garrett,Porter,IO60H98J29,92,1,0
inyra@Oradinosaur.com,Dale,West,IC85G30Y90,12,0,0
hoyft@Oradinosaur.com,Ronnie,Harmon,IE77A40F64,36,1,0
xrgol@Oradinosaur.com,Lula,Sherman,NT20Y92E75,62,1,0
rxwla@Oradinosaur.com,Leo,Erickson,LQ82L27X79,63,1,0
mzrss@Oradinosaur.com,Blanche,Malone,NG33H46R17,13,0,0
vpies@Oradinosaur.com,Lou,Bowen,YW48R86Y11,89,0,0
rfyag@Oradinosaur.com,Alice,Sandoval,VB81P49U54,25,0,0
tmxae@Oradinosaur.com,Marion,Watts,JQ17V16G93,18,1,0
kkinm@Oradinosaur.com,Dustin,Gibson,WE99U47N85,13,1,0
hnffw@Oradinosaur.com,Peter,Gonzalez,YE47V81X81,33,1,0
egjdi@Oradinosaur.com,Cory,Ortiz,PF52E55F95,59,0,0
zrdaf@Oradinosaur.com,Hallie,Vargas,XK32R22K65,54,0,0
qfwse@Oradinosaur.com,Jackson,Roberts,PX15Y75I21,50,0,0
jnbkp@Oradinosaur.com,Fanny,Herrera,EZ18R42C53,29,1,0
xugdy@Oradinosaur.com,Chester,Greene,MS45Y80R12,18,1,0
igbbf@Oradinosaur.com,Rhoda,Cole,UW72C35J58,64,0,0
ppkwq@Oradinosaur.com,Delia,Sparks,MZ91T10E23,53,0,0
loyiw@Oradinosaur.com,Jean,Conner,KE26H98U51,12,0,0
zcphs@Oradinosaur.com,Vera,Patton,IV13C67Y94,24,0,0
sgsii@Oradinosaur.com,Brett,Stewart,EE43S78G36,32,1,0
ghvet@Oradinosaur.com,Mitchell,Bowers,ZN83H84V39,37,1,0
snsid@Oradinosaur.com,Nellie,Mendoza,MO67U10Y70,69,0,0
qloil@Oradinosaur.com,Cordelia,Bradley,LZ51U47T88,38,0,0
eqpbu@Oradinosaur.com,Gilbert,Wright,IY34D27H47,14,1,0
gjhox@Oradinosaur.com,Richard,Ferguson,FD76W39Z73,42,1,0
jfxlt@Oradinosaur.com,Philip,Cain,YL28T87S41,93,0,0
dadfz@Oradinosaur.com,Mildred,Greene,JS29N37F43,25,0,0
smgrv@Oradinosaur.com,Clarence,Gibbs,YL81L34I49,92,1,0
yzxhi@Oradinosaur.com,Zachary,Vasquez,RV83V32S68,82,0,0
bdylm@Oradinosaur.com,Lydia,Davidson,QT78Y15H58,68,1,0
bncib@Oradinosaur.com,Adelaide,Marshall,NC45E28P41,61,1,0
mpdxa@Oradinosaur.com,Noah,Obrien,DY23S10E16,90,1,0
tqoem@Oradinosaur.com,Elsie,Wells,YJ32H30N24,53,1,0
uyjlz@Oradinosaur.com,Ernest,Townsend,QJ19Z98Z21,30,1,0
rifqn@Oradinosaur.com,Dennis,Massey,RP99E79D38,92,1,0
oiwws@Oradinosaur.com,Danny,Lindsey,YV45L54T76,85,0,0
ogpty@Oradinosaur.com,Edith,Fleming,JZ47U23O22,75,1,0
nwiji@Oradinosaur.com,Floyd,Colon,UF54H72P13,31,0,0
jxelj@Oradinosaur.com,Effie,Hale,SF13K51A44,38,1,0
iycej@Oradinosaur.com,Nellie,Patterson,GQ51A31T12,79,1,0
sudof@Oradinosaur.com,Victoria,Manning,JU45S26U71,52,1,0
tflzk@Oradinosaur.com,Bill,Burns,FY15D73K70,38,1,0
wbsjp@Oradinosaur.com,Craig,Harris,MH34A82M48,37,0,0
hcwjp@Oradinosaur.com,Louisa,Mathis,JP76P66T25,65,1,0
ifgzu@Oradinosaur.com,Brandon,Shelton,UH71E57T96,93,1,0
eqlyx@Oradinosaur.com,Lawrence,Wilkins,GH95R62R96,19,1,0
qwseb@Oradinosaur.com,Lawrence,Richards,LH54Z19F61,100,1,0
vvxza@Oradinosaur.com,Sylvia,Jordan,JJ55R54E43,62,1,0
rjzui@Oradinosaur.com,Christian,Collier,JJ50K83P67,20,0,0
idams@Oradinosaur.com,Ralph,Nelson,OW77K15G47,51,0,0
tteqc@Oradinosaur.com,Mike,Marshall,ML62Y31L66,74,1,0
tqzxw@Oradinosaur.com,Edwin,McKenzie,KW74Y38O10,46,0,0
wxphf@Oradinosaur.com,Willie,Edwards,UM33Q72F78,76,1,0
rqohv@Oradinosaur.com,Gary,Cummings,PW28L96V89,23,0,0
ewfov@Oradinosaur.com,Barbara,Fleming,DN57A64E62,20,1,0
olkyq@Oradinosaur.com,Anthony,Parsons,IO53Q92T85,60,1,0
aizho@Oradinosaur.com,Harriet,Cole,VZ75U23L30,40,0,0
hninu@Oradinosaur.com,Isaiah,Herrera,XU12M19P71,66,1,0
edzdw@Oradinosaur.com,Cecilia,Sandoval,HM85B65V57,80,1,0
safqn@Oradinosaur.com,Barbara,Marsh,VC18J70C78,33,1,0
jqgpp@Oradinosaur.com,Stella,Aguilar,TF39D23X57,59,1,0
agrbp@Oradinosaur.com,Ollie,Goodwin,JX82M54K48,33,1,0
vgmsj@Oradinosaur.com,Ethel,Martin,DQ39K22P77,21,1,0
xowfo@Oradinosaur.com,Christina,Boyd,YA54P14H32,70,0,0
rrwrf@Oradinosaur.com,Tom,Reyes,QB95C72U54,45,0,0
mczww@Oradinosaur.com,Charlotte,Peterson,IA39C98T52,21,0,0
gqmxp@Oradinosaur.com,Frank,Hicks,YO91N23I35,97,1,0
ylamu@Oradinosaur.com,John,Dean,WO68E28R80,48,0,0
kckrt@Oradinosaur.com,Helen,Hodges,HI13X37J24,54,0,0
dxkqt@Oradinosaur.com,Lelia,Tyler,QH40R79J88,78,0,0
rpszs@Oradinosaur.com,Ruby,Haynes,JB25T66K95,36,1,0
uczfn@Oradinosaur.com,Helen,Thompson,LK92N39H10,40,1,0
lajbe@Oradinosaur.com,Danny,Collins,ZD39Q76K27,53,0,0
pdyit@Oradinosaur.com,Clyde,Stewart,NC27G85L38,13,1,0
lpmek@Oradinosaur.com,Clarence,Bowman,XU23U42X29,51,0,0
xgjtj@Oradinosaur.com,Madge,Christensen,GJ12T92O37,84,1,0
ptjns@Oradinosaur.com,Nathaniel,Chapman,RC34C58R84,60,0,0
bgbuf@Oradinosaur.com,Jesus,Clark,OO43E93P43,97,0,0
hkmug@Oradinosaur.com,Henrietta,Thornton,PT37N86R80,81,1,0
ilvzu@Oradinosaur.com,Bettie,Collins,BB65A98S34,70,0,0
wgqsp@Oradinosaur.com,Clyde,Goodman,TI75H62P28,60,0,0
hqjzi@Oradinosaur.com,Leon,Cox,VB66I90F74,36,1,0
tyhuk@Oradinosaur.com,Stephen,Carroll,TJ47U64C11,30,0,0
vxmkl@Oradinosaur.com,Cynthia,Miller,QX28K47E63,37,1,0
qcjay@Oradinosaur.com,Jeremiah,Hopkins,DR65U70A48,83,0,0
knmdb@Oradinosaur.com,Nelle,Stone,FC68D60J23,12,0,0
zsnnf@Oradinosaur.com,Claudia,George,AB52Q47R68,86,0,0
dguvv@Oradinosaur.com,Callie,Wright,NM37M91U88,31,1,0
exaat@Oradinosaur.com,Luke,Wilkins,SJ26E87R73,100,1,0
czmhs@Oradinosaur.com,Mamie,Tate,FB30T73L66,47,1,0
xvkqw@Oradinosaur.com,Chase,Gomez,XX28U14T77,93,1,0
gygkf@Oradinosaur.com,Ralph,Parker,QP50E65U92,100,1,0
gpxwv@Oradinosaur.com,Lydia,Santiago,PF85R96E93,19,1,0
ovdtp@Oradinosaur.com,Lily,Moran,SH15P93P10,61,1,0
sovgq@Oradinosaur.com,Hettie,Payne,OH21U79B42,44,1,0
qrpaw@Oradinosaur.com,Mae,Nunez,RW69C24C95,22,0,0
wnyeu@Oradinosaur.com,Thomas,Taylor,SL79G30N58,16,1,0
xrrpc@Oradinosaur.com,Gilbert,Jordan,RW18L34U79,29,0,0
ximwn@Oradinosaur.com,Leila,Hoffman,YO92L63E14,95,0,0
djloc@Oradinosaur.com,Daniel,Brooks,HK38Q26U35,43,0,0
gjuxa@Oradinosaur.com,Jimmy,Glover,VY79W87X31,72,1,0
okdba@Oradinosaur.com,Ronald,Moore,EQ10T55F79,81,1,0
ptbsk@Oradinosaur.com,Lucy,Gill,PL36R60N36,89,1,0
zkpaf@Oradinosaur.com,Dominic,Foster,QM21F45M34,66,1,0
popet@Oradinosaur.com,Cameron,Lowe,YT79F65M55,83,1,0
vcztc@Oradinosaur.com,Pauline,Lindsey,SN46R83R86,84,0,0
kiznd@Oradinosaur.com,Marian,Simon,KB87G80C45,80,0,0
baxri@Oradinosaur.com,Essie,Jenkins,LU17C24C46,58,1,0
pikmw@Oradinosaur.com,Cora,Sharp,NS55D41B35,12,0,0
updka@Oradinosaur.com,Gabriel,Welch,XV80I31U95,88,0,0
cleeu@Oradinosaur.com,Leroy,Holland,IE66U14I76,42,0,0
ieelj@Oradinosaur.com,Jessie,Watson,TC82V57T81,26,1,0
koxcm@Oradinosaur.com,Franklin,Jenkins,OS73S80H41,43,1,0
faimc@Oradinosaur.com,Glenn,Sanders,EK97U86T58,54,0,0
bccnx@Oradinosaur.com,Glen,Phelps,TD58Q50X66,99,1,0
qasgv@Oradinosaur.com,Dennis,Watson,FD74C52L98,88,0,0
vrlld@Oradinosaur.com,Gary,Hardy,PU21W62O83,56,0,0
rczjx@Oradinosaur.com,Arthur,West,JX51H80V84,19,1,0
hsusp@Oradinosaur.com,Nelle,Poole,PN60U97O50,78,0,0
zwsmr@Oradinosaur.com,Emily,Gilbert,CI34X91E30,93,1,0
wilxd@Oradinosaur.com,Erik,Weber,RV78C79V95,28,1,0
zbnkw@Oradinosaur.com,Delia,Parsons,DY22J95C39,40,0,0
roxeu@Oradinosaur.com,Myrtle,Jefferson,ZD28G94Y16,20,0,0
kfdwe@Oradinosaur.com,Mildred,Rodriguez,IV66L94M75,12,0,0
okdee@Oradinosaur.com,Randall,Horton,DR99R55H74,15,1,0
ejrcv@Oradinosaur.com,Jared,James,ON59W78D52,48,0,0
bnktw@Oradinosaur.com,Addie,Tucker,OX74Y18O87,26,0,0
flpkm@Oradinosaur.com,Cecilia,Carlson,RQ93K33Y33,63,0,0
tfoxm@Oradinosaur.com,Hettie,Goodwin,UW73J24C71,12,1,0
pjqzl@Oradinosaur.com,Jimmy,Hale,UA94N44Y86,18,0,0
litox@Oradinosaur.com,Rosa,Castro,HK36H99W57,42,0,0
pnwpz@Oradinosaur.com,Brian,Cobb,UQ69N98R55,62,1,0
ojeiz@Oradinosaur.com,Edwin,Ruiz,EE55T36E14,38,1,0
uoigb@Oradinosaur.com,Gregory,Colon,CK42T84J77,24,1,0
yotoo@Oradinosaur.com,Susan,Massey,DI74A70J12,24,1,0
ljnyv@Oradinosaur.com,Eula,Herrera,BL99Y94H55,83,0,0
feawp@Oradinosaur.com,Katharine,Frazier,UO84M51O51,25,0,0
agwxc@Oradinosaur.com,Lilly,Frazier,FH66K80D99,97,0,0
ecbcd@Oradinosaur.com,Cecilia,Grant,TH46A72S63,69,0,0
njxxs@Oradinosaur.com,Ruth,Shelton,OG67A98I73,83,0,0
bxkme@Oradinosaur.com,Dustin,Bryan,UN97Y32R85,83,1,0
hecva@Oradinosaur.com,Leila,Howell,SO30W89M23,26,0,0
gfeea@Oradinosaur.com,Gavin,Bell,ZB11K56S30,98,1,0
svrob@Oradinosaur.com,Isaac,Turner,XM74H33Z81,100,1,0
cpdfw@Oradinosaur.com,Jackson,Barker,QF74T99X67,56,1,0
kzevh@Oradinosaur.com,Beatrice,Higgins,PL60M79D28,61,0,0
ortzp@Oradinosaur.com,Alexander,Farmer,HB29M45O40,68,0,0
nhksf@Oradinosaur.com,Mary,Newman,PO15T20T68,12,1,0
ojfpa@Oradinosaur.com,Kathryn,Edwards,BD22H74N54,25,1,0
ubjdr@Oradinosaur.com,Lula,Thomas,TB61O98K98,74,1,0
dibjt@Oradinosaur.com,Emilie,Simpson,GX77R55C35,24,1,0
gtddg@Oradinosaur.com,Francisco,Rice,DJ63F83C69,92,1,0
pcusd@Oradinosaur.com,Martin,Cooper,OC35T55T68,42,1,0
mhjyv@Oradinosaur.com,Caroline,Matthews,UJ79L13H86,86,1,0
nixul@Oradinosaur.com,Ethel,Lawson,WI98T30I34,45,0,0
ibkuh@Oradinosaur.com,Theresa,Watkins,HI19H96O31,91,0,0
xrumz@Oradinosaur.com,Viola,Mason,LZ40P15W38,88,1,0
jdmdl@Oradinosaur.com,Nathaniel,Alexander,PR81Y21F26,71,0,0
pkdxu@Oradinosaur.com,Kathryn,Kim,TW36F23I20,59,0,0
rrkpo@Oradinosaur.com,Lucy,Harmon,VI21C60A14,64,1,0
sxqcm@Oradinosaur.com,Charlotte,Goodwin,HE76T48I45,42,1,0
bgnim@Oradinosaur.com,Darrell,Allen,SF48D29G43,18,0,0
hhdqm@Oradinosaur.com,Rosetta,Murray,TI42W10O21,16,0,0
rdzog@Oradinosaur.com,Leo,Morris,JG99T42I12,47,1,0
clewp@Oradinosaur.com,Walter,Higgins,BM68I81W62,29,0,0
rcbvx@Oradinosaur.com,Michael,Bradley,JE93U21N62,91,1,0
ykonn@Oradinosaur.com,Cecelia,Shaw,AU59M60Y88,47,1,0
ltdsc@Oradinosaur.com,Danny,Warner,IX24V94W12,94,0,0
pwzav@Oradinosaur.com,Sue,Copeland,UQ27L77S43,50,1,0
kzpgv@Oradinosaur.com,Abbie,Porter,IW94F75O32,26,1,0
tdasx@Oradinosaur.com,Edward,Byrd,UP42M76Q44,67,0,0
eytrw@Oradinosaur.com,Clarence,Snyder,NH75Z70Q55,52,1,0
nscff@Oradinosaur.com,Mayme,Ramos,XF45U66D51,60,0,0
wdnvr@Oradinosaur.com,Austin,Houston,JS34F68A31,23,0,0
wtyfr@Oradinosaur.com,Julian,Barber,RZ49I53U53,89,1,0
olqcn@Oradinosaur.com,Tillie,Strickland,MD63S34Y43,39,1,0
cikvj@Oradinosaur.com,Christian,Barrett,OL80J32Z89,29,0,0
mogun@Oradinosaur.com,Mildred,Herrera,SW69P10Y84,14,1,0
kigim@Oradinosaur.com,Gregory,Gibson,TF30Q48J79,70,1,0
wkchm@Oradinosaur.com,Callie,Cole,QZ23X14P19,38,1,0
rrbgy@Oradinosaur.com,Nathaniel,Ward,MF90G73J48,46,0,0
mildz@Oradinosaur.com,Alexander,Walker,SN52Y79B71,43,0,0
kskhw@Oradinosaur.com,Ina,Cortez,RH37D26Z41,55,0,0
oqwlt@Oradinosaur.com,Bettie,Blake,YM70O98J71,59,0,0
wshch@Oradinosaur.com,Gabriel,Hogan,GH29U71V76,70,1,0
sfulu@Oradinosaur.com,Lucinda,Garcia,EY19I37Z45,90,1,0
tvzht@Oradinosaur.com,Teresa,Morales,VM27P58W81,23,1,0
rmgvu@Oradinosaur.com,Bettie,Quinn,KK85Z12Q36,17,1,0
wmljz@Oradinosaur.com,Flora,Pratt,YU73P12E47,32,0,0
nunph@Oradinosaur.com,Howard,Boone,AP24Z98G88,37,1,0
eiedq@Oradinosaur.com,Rebecca,Jacobs,GI30H45V34,54,0,0
xnxpi@Oradinosaur.com,Matthew,Gibbs,DY55H40K91,30,1,0
bsxoh@Oradinosaur.com,Frank,Sharp,MM72C86P33,59,1,0
ibgfu@Oradinosaur.com,Charles,Myers,MU51U87T39,78,1,0
ximnr@Oradinosaur.com,Shane,Francis,ZF17B35Y72,27,0,0
sfyes@Oradinosaur.com,Jacob,Burgess,GI90P39Q36,53,0,0
goovw@Oradinosaur.com,Marion,Rodgers,RI97A61O41,23,1,0
kmjaq@Oradinosaur.com,Samuel,Stanley,XN36G33H49,38,0,0
ebvmo@Oradinosaur.com,Joel,Williams,VI76V74P55,75,0,0
rmwsx@Oradinosaur.com,Samuel,Rice,TE96V20C40,40,0,0
aymux@Oradinosaur.com,Bertie,Bradley,PY45B10Q80,88,1,0
zshtv@Oradinosaur.com,David,Snyder,EB21X35A62,85,1,0
jhfpn@Oradinosaur.com,Mollie,Norman,SG71N74R68,94,0,0
prgqp@Oradinosaur.com,Eleanor,Hamilton,GS19S72K16,76,0,0
loyzv@Oradinosaur.com,Ina,Cobb,IK57F26E17,13,0,0
wnnqk@Oradinosaur.com,Adam,Beck,IN76G57D20,76,1,0
ugmmt@Oradinosaur.com,Alta,Neal,UJ18G47D22,46,1,0
wkcoo@Oradinosaur.com,Dale,Caldwell,RP19M90J65,85,0,0
tzvka@Oradinosaur.com,Lela,Goodman,ZJ40Y48T63,50,0,0
qaumq@Oradinosaur.com,Floyd,Huff,KX23I99Z31,62,1,0
mphfl@Oradinosaur.com,Carlos,Graham,GL46C61U43,34,1,0
svqcy@Oradinosaur.com,Violet,Guzman,PQ74N88G80,37,0,0
jdbfi@Oradinosaur.com,Gussie,Norris,YR68I85P46,33,0,0
dfjhk@Oradinosaur.com,Eric,Curtis,IU60X91B62,57,0,0
tzxsj@Oradinosaur.com,Miguel,Collier,YZ69P86B56,16,0,0
hjcel@Oradinosaur.com,Pearl,Casey,XV72I80C88,91,1,0
jdghn@Oradinosaur.com,Mayme,Owen,JZ80W74Z52,47,0,0
qdelw@Oradinosaur.com,Iva,Davidson,ID76U65X92,67,1,0
omxab@Oradinosaur.com,Scott,Ramos,ZM73G46N44,69,1,0
kqidv@Oradinosaur.com,Jordan,Mitchell,SK75O25I59,74,1,0
advhs@Oradinosaur.com,Mark,Singleton,SQ46Z65M55,84,0,0
pjnet@Oradinosaur.com,Maria,Allen,NJ12O88R15,57,1,0
mqckb@Oradinosaur.com,Bryan,Jenkins,TS40H29R92,55,1,0
mjwdp@Oradinosaur.com,Eugenia,Peterson,XC38Q14X93,12,0,0
cyoiy@Oradinosaur.com,Ray,Morris,ZY55K11B24,61,0,0
gtltq@Oradinosaur.com,Edna,Stevens,YB49N22N94,85,0,0
kohph@Oradinosaur.com,William,Hayes,JG11J43A30,90,1,0
mxcfu@Oradinosaur.com,Rebecca,Brady,XP11W19Z13,46,0,0
lsscg@Oradinosaur.com,Lida,Keller,ZR59J52Q73,98,1,0
fqgtr@Oradinosaur.com,Cody,Chandler,QL99M45S54,35,1,0
oshzi@Oradinosaur.com,Sophia,Mathis,PY42L46S23,46,0,0
vlmmp@Oradinosaur.com,Minnie,Meyer,LX45P93B73,68,0,0
wimcl@Oradinosaur.com,Martha,Lynch,DK71X84R23,29,1,0
dopjb@Oradinosaur.com,Roxie,Stone,HT54M49U25,55,0,0
fusoa@Oradinosaur.com,Jerry,McBride,AS86D58I13,30,0,0
ucfda@Oradinosaur.com,Carlos,Burke,AX57F37Q88,46,0,0
lwnug@Oradinosaur.com,Catherine,Jackson,GY22B84O26,80,1,0
spfio@Oradinosaur.com,Dorothy,Mitchell,LJ36K64F97,93,0,0
ayyil@Oradinosaur.com,Henrietta,Roberson,TA23D79A77,53,0,0
kfmsy@Oradinosaur.com,Lucinda,Carr,BR64K13C30,93,1,0
pojiy@Oradinosaur.com,Birdie,McGuire,BO20J79X48,40,0,0
twjev@Oradinosaur.com,Ella,Dean,BR84I50E34,45,1,0
nxpqs@Oradinosaur.com,Bryan,Rivera,KZ92T41O94,57,0,0
ljbtu@Oradinosaur.com,Lucille,Lawrence,AE65A75T65,71,0,0
kqsin@Oradinosaur.com,Roger,Harrison,RX39S97A34,69,0,0
szise@Oradinosaur.com,Alberta,Howard,EH61X30F42,36,1,0
zovzm@Oradinosaur.com,Samuel,Brewer,GW80I99R32,96,0,0
xxwgj@Oradinosaur.com,Leroy,Vega,DI78I70H13,94,0,0
vtolh@Oradinosaur.com,Daniel,Black,TD62Q15K34,54,0,0
jxima@Oradinosaur.com,Trevor,Campbell,ZK36W55G14,63,0,0
rcykp@Oradinosaur.com,Phillip,Davidson,PK83W99B81,58,0,0
vqxlc@Oradinosaur.com,Jorge,Barker,MX84K35D89,49,1,0
txhsr@Oradinosaur.com,Francis,Pratt,YX80K69V33,23,0,0
kebae@Oradinosaur.com,Sue,Webb,SC56K58X43,76,0,0
hjvsx@Oradinosaur.com,May,Malone,ZF44S24J51,67,1,0
beifw@Oradinosaur.com,Duane,Watkins,KL22Z80E48,88,1,0
mgaag@Oradinosaur.com,Minerva,Burton,TN92U97F16,84,0,0
psnrt@Oradinosaur.com,Randy,Chavez,FW42V44S19,47,0,0
owjen@Oradinosaur.com,Mason,Williams,XJ79M62C62,46,1,0
pgmbp@Oradinosaur.com,Bernard,Wheeler,FL89A97M21,14,0,0
pdsve@Oradinosaur.com,Myrtle,Norman,TY15A56B55,13,0,0
bewva@Oradinosaur.com,Clara,Garcia,BA78S93O53,68,0,0
fwmte@Oradinosaur.com,Millie,Carr,OK13N24D62,43,0,0
phgjn@Oradinosaur.com,Jose,Roberts,KL62T97G38,77,1,0
lxffw@Oradinosaur.com,Katie,Diaz,XA41C18G85,96,0,0
rhhvy@Oradinosaur.com,Leroy,Ruiz,SL43W57X69,98,0,0
ptmox@Oradinosaur.com,Beatrice,Bradley,XH91T20O47,22,1,0
eiyey@Oradinosaur.com,Ian,Page,TU14P15C72,85,1,0
oqbgp@Oradinosaur.com,Marguerite,Collier,HK47I93U54,31,1,0
wuplo@Oradinosaur.com,Vera,Stevenson,HX87P66E94,39,0,0
vnaoj@Oradinosaur.com,Joe,Franklin,UP76H67F12,96,0,0
xjsvk@Oradinosaur.com,Jessie,Parsons,YY11J11Y68,47,1,0
vyxel@Oradinosaur.com,Frances,Martin,EF57P61G95,42,0,0
abwgr@Oradinosaur.com,Rosetta,Watkins,CC15Z83H90,71,0,0
pgunc@Oradinosaur.com,Maurice,Wolfe,FS18I88B64,66,0,0
czdob@Oradinosaur.com,Harry,Henry,QZ34U47R62,83,0,0
mgwbe@Oradinosaur.com,Edgar,Barker,KG38X85V64,16,1,0
jlsdj@Oradinosaur.com,Olive,Lyons,BY36Y62J56,87,0,0
vyjlo@Oradinosaur.com,Emilie,Hansen,KL29T22D79,96,1,0
fiktv@Oradinosaur.com,Josie,Alvarado,RG98L14V10,70,0,0
egoqe@Oradinosaur.com,Cory,Roy,HP68G23R18,99,1,0
nwfjf@Oradinosaur.com,Ora,Bridges,UK34T81T74,18,1,0
akavg@Oradinosaur.com,Evelyn,Mann,CX26P72U79,58,0,0
fyrkh@Oradinosaur.com,Alejandro,Mitchell,ZP88Y46B65,20,0,0
cqtlk@Oradinosaur.com,Kevin,Singleton,SH16A46P12,15,1,0
kspuy@Oradinosaur.com,Hettie,Curtis,ZO75C26A62,93,1,0
iiovz@Oradinosaur.com,Joel,Wilson,XX89P99U29,41,1,0
wrmmt@Oradinosaur.com,Mike,Bowers,GR50R29O55,66,1,0
tkiag@Oradinosaur.com,Howard,Bush,WT44M66V29,97,0,0
ufnml@Oradinosaur.com,Phoebe,McGuire,MN51K92L36,74,1,0
bvorq@Oradinosaur.com,Bernard,May,JT76J57N81,72,1,0
iguhf@Oradinosaur.com,Katharine,Castillo,WT32U63W70,23,1,0
szewp@Oradinosaur.com,Louise,Simon,MN85W64M48,87,0,0
bfznh@Oradinosaur.com,Keith,Robinson,NY85F63M87,24,1,0
cxzrv@Oradinosaur.com,Ada,Warren,SQ76M97I45,34,0,0
lckmg@Oradinosaur.com,Isaiah,Bennett,XU29K78H99,91,1,0
mdlok@Oradinosaur.com,Joel,Fitzgerald,DQ89R20B96,57,0,0
vzpbz@Oradinosaur.com,Brandon,Valdez,EA55X37F42,30,0,0
qtkhv@Oradinosaur.com,Noah,Snyder,IN52V55J52,98,0,0
kzkyt@Oradinosaur.com,Devin,Marshall,OP44K28M44,82,0,0
xmgjp@Oradinosaur.com,Edward,Perry,KM66F22E41,66,1,0
pjsrp@Oradinosaur.com,Frances,Hale,US98M53M28,99,0,0
yqbxn@Oradinosaur.com,Catherine,Jimenez,VP80X46T47,51,1,0
lwuju@Oradinosaur.com,Cornelia,Jensen,KE83Y95K97,48,1,0
wagcl@Oradinosaur.com,Carl,Wolfe,PY25D43Y38,61,1,0
rkdfd@Oradinosaur.com,Catherine,Cobb,ZL97S96S82,47,0,0
fmdfb@Oradinosaur.com,Olga,Goodwin,UE67C21P15,97,1,0
zgjqn@Oradinosaur.com,Louis,Walsh,KT97L55A79,94,0,0
wsobv@Oradinosaur.com,Verna,Johnson,UW25V17U75,42,1,0
bzxeq@Oradinosaur.com,Duane,Lynch,IQ74N21R87,24,0,0
ypruv@Oradinosaur.com,Dorothy,Garcia,CE23N58C70,42,1,0
zkkud@Oradinosaur.com,Jonathan,Burgess,XZ36N95D62,65,0,0
lhdse@Oradinosaur.com,Mattie,Garza,IW81Z66W19,33,0,0
sjsjp@Oradinosaur.com,Louise,Anderson,GI28G49F80,82,0,0
qwixb@Oradinosaur.com,Stella,Lawrence,PB45P38L17,85,0,0
uqelp@Oradinosaur.com,Bertie,Jenkins,FC52E98L81,98,0,0
pteji@Oradinosaur.com,Lydia,Vargas,XL66G27T74,55,0,0
kfakx@Oradinosaur.com,Eliza,Fisher,NA79S33V56,58,0,0
jimaw@Oradinosaur.com,Jorge,Gomez,PO74R83M38,38,0,0
gqjuu@Oradinosaur.com,Myrtle,Wheeler,CD22M84J20,46,0,0
zbrmt@Oradinosaur.com,Bernice,Watkins,AC44X84T19,94,1,0
lqfvd@Oradinosaur.com,Alfred,Castillo,SA75O32U80,87,1,0
hccrm@Oradinosaur.com,Callie,Roy,GZ66D87H69,31,1,0
afswp@Oradinosaur.com,Lester,Warren,VL52M57X68,12,1,0
lhyia@Oradinosaur.com,Andre,Hammond,DL83Q67K12,25,0,0
yxdgl@Oradinosaur.com,Eunice,Jimenez,AK22Q77X25,59,0,0
fxasf@Oradinosaur.com,Madge,Herrera,US21X50B91,74,0,0
qabhg@Oradinosaur.com,Kate,Bell,PX15M70C10,82,1,0
xuzkx@Oradinosaur.com,William,Allen,DG77B38W54,95,0,0
kyoua@Oradinosaur.com,Lela,Ball,HO44B56D40,29,0,0
smdue@Oradinosaur.com,Warren,Tran,BR77I16K37,51,1,0
ukjne@Oradinosaur.com,Polly,Butler,TJ62L71F99,77,0,0
zvmbe@Oradinosaur.com,Alberta,Lamb,MG69K51N66,32,1,0
whzlu@Oradinosaur.com,George,Erickson,XD95R44V89,77,1,0
gifam@Oradinosaur.com,Jordan,Arnold,CQ38J95D50,65,1,0
oxcnd@Oradinosaur.com,Christine,Gray,DO40D37Q27,75,1,0
ktbip@Oradinosaur.com,Delia,Burgess,MD54K37Y73,60,1,0
rznyt@Oradinosaur.com,Nathan,Walsh,MX91W11F57,30,1,0
fzgqq@Oradinosaur.com,Trevor,Hampton,DV10R63G81,36,0,0
kgchm@Oradinosaur.com,Georgie,Burton,DF57S56W31,40,0,0
vvhnj@Oradinosaur.com,Mario,Davidson,FA38Z41G25,80,1,0
iitgv@Oradinosaur.com,Tyler,Brewer,WY31T49S42,37,0,0
dmduz@Oradinosaur.com,Lily,Clark,DC54A40D45,29,1,0
ruvdp@Oradinosaur.com,Ronald,Schwartz,YU76C54F12,76,1,0
mnsde@Oradinosaur.com,Scott,Daniel,EX17T90V31,47,1,0
yipcw@Oradinosaur.com,Ryan,Vaughn,PE29T18X15,90,0,0
kegvv@Oradinosaur.com,Scott,Davidson,EK28U24S80,77,1,0
krjpm@Oradinosaur.com,Adrian,Fleming,TV59U39L47,40,1,0
rtuhk@Oradinosaur.com,Gregory,May,CQ50L94V81,100,0,0
vkhct@Oradinosaur.com,Frank,Armstrong,JM11O75N42,41,1,0
gsyrq@Oradinosaur.com,Tommy,Logan,DZ58O81S88,58,0,0
yexkr@Oradinosaur.com,Lou,Salazar,AT87M82C89,67,1,0
ktfdm@Oradinosaur.com,Chase,Wong,GP91F85N33,41,1,0
ocjut@Oradinosaur.com,Dylan,Reid,LT78R75F23,17,0,0
cbqnr@Oradinosaur.com,Tillie,Goodwin,XX26J36R97,32,0,0
borkj@Oradinosaur.com,Lucas,McDonald,RA18J71Y55,92,1,0
gvhqv@Oradinosaur.com,Bill,McBride,EJ41E48B91,25,0,0
aqpbc@Oradinosaur.com,Christina,Jimenez,IT42X54O98,67,0,0
dhxtm@Oradinosaur.com,Owen,Poole,MW86C10T68,40,1,0
wrbzz@Oradinosaur.com,Henry,Diaz,SS41Z87M93,50,1,0
ugitu@Oradinosaur.com,Scott,Lee,IC39Y90T32,44,0,0
hkkfw@Oradinosaur.com,Austin,Lawson,TJ28P84K71,33,0,0
bxtoj@Oradinosaur.com,Lettie,Diaz,SM69O13R97,74,0,0
pexfo@Oradinosaur.com,Ellen,Adams,BD74W11P62,61,0,0
pmaaz@Oradinosaur.com,Flora,McBride,EE80Y74Z46,43,0,0
viygq@Oradinosaur.com,Wesley,Carr,NQ67G99E77,63,0,0
mzcwe@Oradinosaur.com,Grace,Richards,NJ89U80G64,78,1,0
ksedq@Oradinosaur.com,Cameron,Reeves,KK37T45T16,73,0,0
qxwwh@Oradinosaur.com,Eugene,Erickson,SU59L39M62,63,0,0
lvkkc@Oradinosaur.com,Lizzie,Gutierrez,LD63H15X11,55,0,0
navdr@Oradinosaur.com,Lora,Watson,HW52K12Z27,58,0,0
zyylr@Oradinosaur.com,Eva,Salazar,VX77R48W52,12,0,0
vbqzl@Oradinosaur.com,Garrett,Garcia,IB43I70Q28,43,1,0
urzst@Oradinosaur.com,Brett,Beck,NF35U94Z48,59,0,0
klpvd@Oradinosaur.com,Marguerite,Page,ZN81O99Y36,15,1,0
xijda@Oradinosaur.com,Esther,Nash,VY58D99T95,23,1,0
tskpf@Oradinosaur.com,Josie,Poole,UN72X71R48,18,0,0
scvqb@Oradinosaur.com,Norman,Burns,WX81L61B33,77,1,0
ufwby@Oradinosaur.com,John,Patterson,AT38N83V52,39,1,0
htere@Oradinosaur.com,Harry,Greer,HW93S37V52,20,0,0
xirwm@Oradinosaur.com,Patrick,Joseph,KS14I66X28,73,1,0
sdlfv@Oradinosaur.com,Francisco,Phillips,AK11G59A31,71,1,0
rhmdi@Oradinosaur.com,Hester,Grant,RM32V45H14,15,0,0
sswiu@Oradinosaur.com,Jackson,Reed,CL80E18V30,37,0,0
lcqlp@Oradinosaur.com,Victoria,Yates,EJ81E14U89,95,1,0
pewzu@Oradinosaur.com,Lena,Massey,PN70Y89M88,18,0,0
rznmv@Oradinosaur.com,Stephen,Keller,FP32N71C70,89,1,0
roiys@Oradinosaur.com,Jordan,Jennings,BA75J10D57,61,0,0
uyemq@Oradinosaur.com,Marian,Barnes,HW76G36J65,85,1,0
ugasp@Oradinosaur.com,Miguel,Bennett,PL53B86K54,42,0,0
bqcch@Oradinosaur.com,Devin,Robinson,GL89P10J19,31,1,0
ctetc@Oradinosaur.com,Herbert,Wilkerson,XN85W61I79,85,0,0
godpi@Oradinosaur.com,Jeremy,Reyes,UR77B13Z36,42,0,0
vaiwq@Oradinosaur.com,Julian,Washington,OI82W21O99,45,0,0
qmcjf@Oradinosaur.com,Joe,Page,NC35M25D86,64,0,0
ihcfh@Oradinosaur.com,Leo,Hardy,PB67C53C94,83,1,0
tnamv@Oradinosaur.com,Alma,Steele,KC77C16E15,93,0,0
gmaqw@Oradinosaur.com,Harvey,Hawkins,LV34K98J88,96,1,0
hofhm@Oradinosaur.com,Loretta,Frank,QP62W93V77,59,1,0
obken@Oradinosaur.com,Roy,Strickland,QB14Y77R27,48,0,0
opuof@Oradinosaur.com,Alma,Simmons,IO70D30E95,49,1,0
stubm@Oradinosaur.com,Joshua,Freeman,TP49W12B51,23,0,0
dfilt@Oradinosaur.com,Steve,Rice,WN93M92A25,83,1,0
yjhsc@Oradinosaur.com,Bruce,McDonald,ES54Z18Y39,98,0,0
pxxgk@Oradinosaur.com,Don,Burns,AM54I47H56,31,1,0
qipni@Oradinosaur.com,Nathaniel,Simpson,AC62M28Q10,35,0,0
flygs@Oradinosaur.com,Eula,Long,TE84N35V59,47,1,0
rroro@Oradinosaur.com,Barbara,Lindsey,TB97D73G95,31,0,0
sjbym@Oradinosaur.com,Andre,Martin,JN24A42H28,84,1,0
eynhh@Oradinosaur.com,Lida,Craig,HX81E72O21,69,1,0
ulqfx@Oradinosaur.com,Loretta,Armstrong,IX49D66C46,23,0,0
expoh@Oradinosaur.com,Ellen,Jacobs,AX62H88E27,85,1,0
ndcwu@Oradinosaur.com,Minnie,Wise,HO89K41K15,81,0,0
riipg@Oradinosaur.com,Carrie,McKenzie,QY59I27L21,52,1,0
oavcy@Oradinosaur.com,Stella,Roberts,PH35W10K69,56,1,0
olvpf@Oradinosaur.com,Chris,Cortez,ER80Q31K21,74,1,0
lwtwp@Oradinosaur.com,Bradley,Bass,AE28F69W55,67,1,0
rbyyt@Oradinosaur.com,Ricky,Ramos,QH15K10N59,67,0,0
riklw@Oradinosaur.com,Arthur,Dunn,ZA22F33T38,69,1,0
kqdht@Oradinosaur.com,Mamie,Delgado,CG54N72E20,62,1,0
jtgyb@Oradinosaur.com,Jon,Strickland,XR57J17O88,93,0,0
nanje@Oradinosaur.com,Dennis,Cole,AE42E73G82,38,0,0
wysbd@Oradinosaur.com,Gertrude,Perry,AU27L28A29,40,1,0
bqrbh@Oradinosaur.com,Erik,Patton,BZ31E27A95,23,0,0
bflum@Oradinosaur.com,Marian,Glover,QZ66S35X85,100,0,0
fqiwn@Oradinosaur.com,Mattie,Benson,HO48I50Z57,16,1,0
rvosv@Oradinosaur.com,Angel,Schwartz,RG37A65B36,85,1,0
nxhqf@Oradinosaur.com,Gilbert,Thompson,TU90P93D20,23,1,0
yewds@Oradinosaur.com,Elva,Thomas,KO20F93U78,87,1,0
pdywb@Oradinosaur.com,Gilbert,Howard,YH16Y90T54,83,1,0
hmzuy@Oradinosaur.com,Brent,Joseph,HX76I63W24,35,1,0
fhrfg@Oradinosaur.com,Mabel,Martinez,TR73V18E65,97,0,0
pithr@Oradinosaur.com,Lulu,Webster,LQ10W78A71,100,0,0
dcyjp@Oradinosaur.com,Oscar,Jefferson,AY83O52T20,59,1,0
vxjpj@Oradinosaur.com,Beatrice,Perkins,QS13K89F77,70,1,0
lwrql@Oradinosaur.com,Ida,Horton,ZU21J39H97,71,0,0
vqneu@Oradinosaur.com,Mark,McDaniel,LH19B74M32,90,1,0
qfjbb@Oradinosaur.com,Alex,Washington,AL82T81Y44,41,0,0
ahxgx@Oradinosaur.com,Stella,Haynes,PM21S88V90,33,0,0
fltua@Oradinosaur.com,Hunter,Clarke,QF49D48T46,12,0,0
ztuey@Oradinosaur.com,Alice,McCarthy,AN78S84X79,99,1,0
hsphp@Oradinosaur.com,Arthur,Greer,FU27C35W91,38,0,0
xxvsw@Oradinosaur.com,James,Butler,JX86R28H46,53,1,0
ywtds@Oradinosaur.com,Luis,Hines,XD17A61I50,73,0,0
lwgkk@Oradinosaur.com,Glenn,Young,BX92N50B51,73,0,0
rlmxd@Oradinosaur.com,Alta,Moreno,CT10J36E77,14,1,0
ztfja@Oradinosaur.com,Lela,Morgan,XJ74F59A54,48,1,0
emetp@Oradinosaur.com,Isaiah,Elliott,YT89V20T62,94,0,0
mjtoq@Oradinosaur.com,Raymond,Gonzalez,EZ22Q73G99,94,0,0
ipasz@Oradinosaur.com,Sue,Huff,JU59F12Z50,29,0,0
zdxyy@Oradinosaur.com,Andrew,Tran,KJ61H13V53,12,0,0
rasyg@Oradinosaur.com,Clarence,Walters,TW37O39N62,63,0,0
clzbe@Oradinosaur.com,Jose,Neal,XR96N87H99,32,0,0
ofhmz@Oradinosaur.com,Andre,Black,VY19K30D82,87,1,0
qyhil@Oradinosaur.com,Cody,Ball,UA91X34D18,40,1,0
gfgpk@Oradinosaur.com,Lora,Vaughn,LM56O51Y20,84,0,0
qgrkc@Oradinosaur.com,Carlos,Boone,BD93N51L24,41,1,0
exnae@Oradinosaur.com,Mark,Bowen,ZV20N29X49,63,1,0
luien@Oradinosaur.com,Ida,Fletcher,SA73S63W70,69,1,0
pxjin@Oradinosaur.com,Derek,Reese,AS36F33X91,89,1,0
irtcc@Oradinosaur.com,Nicholas,Hudson,FP86T37C78,18,0,0
wdmhy@Oradinosaur.com,Lily,Jones,ZI66D11T37,100,0,0
flgkp@Oradinosaur.com,Beatrice,Jacobs,QQ55A33H25,19,0,0
mdumq@Oradinosaur.com,Dora,Walsh,JR13J55A63,80,1,0
uidab@Oradinosaur.com,Warren,Carpenter,ZT74F21L86,80,1,0
ljaob@Oradinosaur.com,Micheal,Parsons,DS25O30J28,80,0,0
xljxg@Oradinosaur.com,Dollie,Owens,DJ69A95K61,99,0,0
rmlny@Oradinosaur.com,Lloyd,Anderson,YQ29N64R66,63,0,0
llapr@Oradinosaur.com,Kathryn,Barrett,AH56I68T44,72,0,0
mmdrc@Oradinosaur.com,Maggie,Powers,QG49Y37E28,66,1,0
bihxj@Oradinosaur.com,Beatrice,Bennett,XP30Q98P24,54,1,0
opzhj@Oradinosaur.com,Pearl,Ryan,SO63R50Z26,24,0,0
ztfcl@Oradinosaur.com,Josie,Potter,TR52I27I13,83,0,0
gsewn@Oradinosaur.com,Joshua,Zimmerman,BO76Q98Q95,66,0,0
uxrrx@Oradinosaur.com,Iva,Maxwell,TY30L73E72,26,1,0
ihnij@Oradinosaur.com,Dorothy,Tyler,GT73U51Q90,64,0,0
yruos@Oradinosaur.com,Abbie,Berry,OK53R12E56,89,1,0
hezfg@Oradinosaur.com,Teresa,Wheeler,RF20E73Z82,68,1,0
fyems@Oradinosaur.com,Ray,Pratt,OP47G84A41,38,0,0
dxwrw@Oradinosaur.com,Helen,Hart,BB81L34B52,17,1,0
rtadq@Oradinosaur.com,Austin,Thomas,VC91G55Z52,65,1,0
ixmuk@Oradinosaur.com,Earl,Abbott,NG16T38E44,77,1,0
ntssw@Oradinosaur.com,Leon,Luna,YZ59O86H45,14,1,0
kbmoj@Oradinosaur.com,Georgie,Washington,ON37J92S12,97,0,0
yrhvz@Oradinosaur.com,Martha,Phillips,ZG96X14J33,31,0,0
rsrwp@Oradinosaur.com,Viola,Marsh,ME70I75K20,24,0,0
glunc@Oradinosaur.com,Elva,Lloyd,CS55W30W58,85,0,0
tfrrk@Oradinosaur.com,Birdie,Bowen,RH76Y86M30,19,0,0
dlmmj@Oradinosaur.com,Jean,McDonald,TB50E54O15,38,0,0
ulzxn@Oradinosaur.com,Patrick,Graves,FE76H48L87,24,1,0
jqwmc@Oradinosaur.com,Lelia,Cooper,VE50U33P74,14,0,0
quzsj@Oradinosaur.com,Harriett,Pearson,MK24Z45H59,46,0,0
irmzm@Oradinosaur.com,David,Murphy,UD82L83Z53,23,0,0
ovjmc@Oradinosaur.com,Alice,Scott,BS83F15D65,82,0,0
iplqh@Oradinosaur.com,Lizzie,Kelley,AG29M87E43,79,1,0
yuzam@Oradinosaur.com,Michael,McKinney,QX21V74T10,49,0,0
nwdys@Oradinosaur.com,Jean,Coleman,AA46Y37O32,12,1,0
nnxqd@Oradinosaur.com,Susie,Ellis,BO69U64F29,60,1,0
wuixl@Oradinosaur.com,Rodney,Boone,UZ93D11O85,80,1,0
kfpcg@Oradinosaur.com,Alvin,Gilbert,OO14E70S13,65,0,0
zxkqj@Oradinosaur.com,Howard,Rose,WH21D78K59,70,1,0
qlbol@Oradinosaur.com,Luke,Keller,KI18T79T46,51,1,0
bgexw@Oradinosaur.com,Grace,Wagner,PV64N82N82,81,1,0
fbncu@Oradinosaur.com,Alma,Graham,BM22O48J25,54,1,0
cawlx@Oradinosaur.com,Lenora,Ballard,QA28U60C82,51,1,0
usvuv@Oradinosaur.com,Aaron,Scott,DX37A63M40,45,0,0
uhwxm@Oradinosaur.com,Justin,Chambers,JV57R67Q69,69,0,0
zwzqh@Oradinosaur.com,Mabelle,Lindsey,JO22L51H99,16,1,0
cpfnz@Oradinosaur.com,Nancy,Hayes,TI77O11V68,76,1,0
ccpoh@Oradinosaur.com,Della,Jackson,OG89J18C57,65,0,0
qsygl@Oradinosaur.com,Connor,Turner,RB54K68U11,76,0,0
vabba@Oradinosaur.com,Mittie,Holt,ZB81F11U37,81,0,0
mbamw@Oradinosaur.com,Celia,Peterson,IZ93I81A80,55,0,0
iosdl@Oradinosaur.com,Inez,Wells,JR77D13J42,12,0,0
bmtky@Oradinosaur.com,Roy,Hawkins,KT94I75L56,81,1,0
fyuim@Oradinosaur.com,Effie,Logan,FC95S83R13,76,0,0
rmhng@Oradinosaur.com,Eva,Ruiz,SU74T55P23,80,1,0
vlsco@Oradinosaur.com,Luke,Bass,ZI76O24V17,32,1,0
jcqwl@Oradinosaur.com,Lillian,Olson,GZ19P10V53,99,1,0
crahd@Oradinosaur.com,Eugenia,Rivera,ZT97T81K56,57,1,0
jzwjz@Oradinosaur.com,Danny,Grant,HD14C49E14,39,1,0
eoaad@Oradinosaur.com,Carlos,Shaw,OJ99F39W54,65,1,0
eansm@Oradinosaur.com,Hallie,Wong,VH36P14Y40,99,1,0
guydq@Oradinosaur.com,Nettie,Norris,AP26E68K42,71,1,0
cerkt@Oradinosaur.com,Antonio,Glover,YA86B41B95,56,0,0
fqnif@Oradinosaur.com,Fannie,Fitzgerald,OT57U56H54,86,1,0
xocpu@Oradinosaur.com,Alvin,King,GE56H17C87,78,0,0
xqtho@Oradinosaur.com,Alan,Gonzalez,GJ70S96Y70,94,0,0
xftqs@Oradinosaur.com,Hettie,Williamson,YA82K66B42,15,0,0
bfksm@Oradinosaur.com,Theodore,Dean,IK34L10W88,37,1,0
bivqs@Oradinosaur.com,Lucas,Tyler,YK31Q25U80,67,1,0
eisdk@Oradinosaur.com,Lester,Porter,BG92X55V13,85,1,0
wgxjs@Oradinosaur.com,Lilly,Robinson,QJ73F75V72,75,1,0
onuec@Oradinosaur.com,Evelyn,Henry,GD47M15M35,22,1,0
dqyol@Oradinosaur.com,Eugene,Mason,YZ71V65F77,29,0,0
pxspd@Oradinosaur.com,Iva,Beck,MM97Z50T31,65,1,0
pkdqd@Oradinosaur.com,Georgie,Young,ME56T76B99,41,0,0
zsipt@Oradinosaur.com,Rosetta,Higgins,TH84U84Z32,85,0,0
dsnvd@Oradinosaur.com,Jeremy,Hodges,IZ99C23E89,53,0,0
nskkm@Oradinosaur.com,Adele,Grant,OG48J78C62,29,0,0
jpogl@Oradinosaur.com,Ronnie,Lawrence,CF74E23T40,69,1,0
iznwq@Oradinosaur.com,Maggie,Nichols,OG40W15E14,61,1,0
nwhgz@Oradinosaur.com,Curtis,Gordon,SM30I33U73,38,0,0
hkugz@Oradinosaur.com,Garrett,Tate,LJ89I93Q98,51,0,0
ptoqz@Oradinosaur.com,Lois,Anderson,BA74V95Q95,94,1,0
iksmx@Oradinosaur.com,Glenn,Christensen,XM24D77G24,60,1,0
tfeim@Oradinosaur.com,Ian,Phelps,PR13R48P11,88,0,0
fijkv@Oradinosaur.com,Myrtle,Roberson,WG31F88E69,73,0,0
dsjbr@Oradinosaur.com,Christine,Burke,YJ40K46G39,83,1,0
nksov@Oradinosaur.com,Howard,Pratt,QM50F80N33,60,0,0
shebk@Oradinosaur.com,Maria,Mendoza,GS50C36X27,71,0,0
qkrib@Oradinosaur.com,Eunice,Greer,SK90J69V71,98,1,0
waxil@Oradinosaur.com,Bettie,Moran,SI54I59Q12,35,0,0
jyxqn@Oradinosaur.com,Austin,Townsend,XO59H10Z42,44,1,0
hjlwt@Oradinosaur.com,Donald,Kennedy,JJ33U35G90,24,0,0
jceeh@Oradinosaur.com,Ina,Higgins,BN55X31R34,56,0,0
tfvdy@Oradinosaur.com,Lettie,Evans,SO24T88U89,49,0,0
iusba@Oradinosaur.com,Earl,Berry,FN84J29T52,50,0,0
oexuq@Oradinosaur.com,Oscar,Newton,GU46P18Z82,29,0,0
cbdoz@Oradinosaur.com,Derrick,Stevens,GG51L54P18,85,1,0
thycg@Oradinosaur.com,Cora,Rodgers,BX48A15X34,15,1,0
qzzpv@Oradinosaur.com,Don,Beck,LZ27U99M91,51,1,0
pvlkl@Oradinosaur.com,Lillie,Pierce,CG21I65N32,19,1,0
ausag@Oradinosaur.com,Cora,Fernandez,GB40Y11X22,18,0,0
ylyci@Oradinosaur.com,Lily,Bryant,KL78H72S91,77,1,0
gswwl@Oradinosaur.com,Todd,Lee,GI35O82Q79,52,0,0
xwlii@Oradinosaur.com,Edward,Schneider,ZR88H76O71,52,1,0
pwosn@Oradinosaur.com,Rodney,Stone,RE74I60J28,13,1,0
flzsx@Oradinosaur.com,Mable,Taylor,SZ85I71E80,42,0,0
adqrs@Oradinosaur.com,Cory,Garcia,GG60F72H62,75,0,0
mgrnv@Oradinosaur.com,Ora,Lambert,PL51B97T96,25,0,0
ruunx@Oradinosaur.com,Carl,Cox,SW71P10P75,85,1,0
nsyxe@Oradinosaur.com,Fanny,Schneider,NW16B34P32,52,1,0
pqbtd@Oradinosaur.com,Anthony,Jimenez,MA41S18Q80,81,0,0
idgio@Oradinosaur.com,Lela,Brewer,CL92H13X25,57,1,0
azwhg@Oradinosaur.com,Ricardo,Dean,GC32H22F10,15,0,0
wcibf@Oradinosaur.com,Timothy,Ford,CF62W26K24,91,1,0
qljxm@Oradinosaur.com,Terry,Rhodes,LV84G44L85,84,1,0
qvfdn@Oradinosaur.com,Cynthia,Patterson,PA58G17U95,29,0,0
dlsae@Oradinosaur.com,Bill,Francis,WC87N85X83,62,0,0
kquph@Oradinosaur.com,Bettie,Colon,WM63S60B98,76,1,0
cakij@Oradinosaur.com,Violet,Garner,UQ98K66X58,24,1,0
jnqxh@Oradinosaur.com,Nancy,Barton,WP56B91R70,64,1,0
hgkef@Oradinosaur.com,Alan,Crawford,KI53C55E51,66,1,0
pvxvw@Oradinosaur.com,Allie,Jensen,HF59I67S56,82,0,0
bpxau@Oradinosaur.com,Eddie,White,PC75C41P81,86,1,0
hpqwy@Oradinosaur.com,Agnes,Beck,HP31E71Z63,20,0,0
dhcem@Oradinosaur.com,Nellie,Ingram,LE56E98I87,42,1,0
hfamx@Oradinosaur.com,Alex,Carr,QJ96A24A77,96,1,0
mnzkm@Oradinosaur.com,Marguerite,Copeland,NJ54Q63B41,99,0,0
hxqbx@Oradinosaur.com,Belle,Black,BV35G42D38,21,1,0
dhfyd@Oradinosaur.com,Alejandro,Summers,XS30W15M16,31,1,0
sjtha@Oradinosaur.com,Shane,Bowen,HZ45M69H90,25,1,0
sdyit@Oradinosaur.com,Julia,Rice,RK96D79S20,40,1,0
wvkaf@Oradinosaur.com,Juan,Daniel,JN80O78K65,56,1,0
kzpvn@Oradinosaur.com,Miguel,Wood,GK42E65A28,86,0,0
rcuti@Oradinosaur.com,Betty,Palmer,FI36F76Q83,76,1,0
ahyro@Oradinosaur.com,Albert,Harrison,XW90M13B21,78,0,0
qebks@Oradinosaur.com,Barbara,Bowman,FF95U88O84,53,0,0
lhran@Oradinosaur.com,Cecelia,Boone,VC27R18N99,47,0,0
kixrm@Oradinosaur.com,Jason,Stevenson,DZ93Z69X89,68,0,0
foicm@Oradinosaur.com,Henry,Watts,FM11K94M81,12,1,0
gauqv@Oradinosaur.com,Don,Warren,DY19M36M54,59,0,0
azycd@Oradinosaur.com,Mathilda,Ingram,HB82R36H10,88,1,0
xiael@Oradinosaur.com,Tony,Nichols,DN88E18F14,41,0,0
cdilb@Oradinosaur.com,Richard,French,HV72U80T63,67,1,0
baumm@Oradinosaur.com,Samuel,Terry,OO78F85R79,26,1,0
ehzje@Oradinosaur.com,Alta,Andrews,OG97M29Z55,83,1,0
kthid@Oradinosaur.com,Celia,Estrada,TH53B93U72,52,1,0
bbqli@Oradinosaur.com,Adam,Buchanan,KF35O88R79,71,0,0
yashl@Oradinosaur.com,Ann,White,PN79T45Z43,26,1,0
iyidw@Oradinosaur.com,Alfred,Tucker,NU94M45N37,62,0,0
ijfkl@Oradinosaur.com,Franklin,Vasquez,EW70E55B87,78,1,0
osmpa@Oradinosaur.com,Harriet,Collier,OV79Y29M51,24,1,0
wowur@Oradinosaur.com,Adam,Hodges,OU75Q32X51,20,1,0
dqirn@Oradinosaur.com,Teresa,Sharp,TM50R48C99,38,1,0
qwgba@Oradinosaur.com,Nell,Gonzalez,WB98J65T26,90,1,0
quasl@Oradinosaur.com,Douglas,Strickland,HP86Z17O64,44,0,0
czmzg@Oradinosaur.com,Viola,Owen,ZT52W20M97,40,1,0
ibuml@Oradinosaur.com,Ola,Chapman,WQ96L69C57,75,0,0
oldse@Oradinosaur.com,Benjamin,Kelly,IQ47N93I51,64,0,0
kqpwf@Oradinosaur.com,Edgar,Warren,YQ17G14F96,90,1,0
iskps@Oradinosaur.com,Jayden,Moore,VD84I40C22,83,0,0
fuldi@Oradinosaur.com,Agnes,Silva,LE78B99I60,14,1,0
onytp@Oradinosaur.com,Alvin,Caldwell,EZ84U54A61,44,0,0
wqjvk@Oradinosaur.com,Leah,Garrett,XJ48M73D55,90,0,0
vuvxn@Oradinosaur.com,Isabella,Robinson,HV93E59Z76,27,1,0
bkivg@Oradinosaur.com,Mitchell,Ortiz,AT44M78M79,81,0,0
snwja@Oradinosaur.com,Catherine,Peters,NZ32T76U85,47,1,0
ojprr@Oradinosaur.com,Dean,Spencer,VT15X10K59,76,0,0
xcilf@Oradinosaur.com,Nellie,Fitzgerald,SN91U35A39,77,1,0
uhdvi@Oradinosaur.com,Troy,Garza,ID27A47W83,70,0,0
zdwrc@Oradinosaur.com,Glen,Benson,GF49U59Y38,19,1,0
xpabt@Oradinosaur.com,Fannie,Hale,QH25O18D70,42,1,0
xxxne@Oradinosaur.com,Marian,Torres,MR23Y21N52,50,1,0
lgqrx@Oradinosaur.com,Marc,Figueroa,DX45D29F23,90,1,0
icwlm@Oradinosaur.com,Russell,Bishop,EU63X97U33,34,1,0
wqppw@Oradinosaur.com,Bernice,Curry,BS74A81M71,97,0,0
wmyua@Oradinosaur.com,Isaiah,Guzman,YE53J14S73,18,1,0
yuxtd@Oradinosaur.com,Barry,Bush,IL57V17P96,83,1,0
bpogc@Oradinosaur.com,Terry,Edwards,AA28R10K19,18,0,0
trlcb@Oradinosaur.com,Annie,Craig,ZK24X93U37,75,0,0
uqpkk@Oradinosaur.com,Beulah,Reid,AP67P64K91,71,0,0
yzkhn@Oradinosaur.com,Harriett,Becker,XB42P78I76,44,1,0
clrnh@Oradinosaur.com,Eliza,Horton,EO88D50D56,74,1,0
ocdwn@Oradinosaur.com,Ricky,Hodges,JA62Y86V16,75,0,0
kuksn@Oradinosaur.com,Glenn,Nichols,GW72O38A37,66,1,0
qqrnc@Oradinosaur.com,Danny,Scott,HT50I81K92,32,1,0
ydomk@Oradinosaur.com,Mark,Holmes,PJ77S21G54,75,1,0
phigw@Oradinosaur.com,Lelia,Perkins,XU66O78Y34,46,0,0
uicmz@Oradinosaur.com,Mayme,Harper,HY36N87P67,74,0,0
abhlp@Oradinosaur.com,Louisa,May,IU53Z62X13,46,0,0
dcoxu@Oradinosaur.com,Logan,Saunders,JY79E91D50,30,1,0
wijaq@Oradinosaur.com,Russell,Cole,BW17W34C29,30,1,0
kpkjv@Oradinosaur.com,Anne,Newton,NL59R66J76,41,0,0
xztng@Oradinosaur.com,Don,Vega,CL30V12M44,56,1,0
akeeb@Oradinosaur.com,Elijah,Owen,KK55W60U50,49,0,0
kqzvs@Oradinosaur.com,Edward,Powell,UR35A25X15,52,1,0
wzwut@Oradinosaur.com,Scott,Martin,KP79E64C71,84,1,0
nqjof@Oradinosaur.com,Isabella,Cunningham,ZT38J17S43,62,1,0
zwiop@Oradinosaur.com,Jordan,McGuire,VX65V65B77,18,1,0
txdcr@Oradinosaur.com,George,Shaw,TX22U12W93,40,0,0
fjcam@Oradinosaur.com,Mittie,Sandoval,PF51G72M33,31,0,0
bhpth@Oradinosaur.com,David,Hamilton,ON25S69D59,71,0,0
nszjf@Oradinosaur.com,Gilbert,Atkins,WZ83D13U42,49,0,0
atqld@Oradinosaur.com,Lester,Tyler,SG29C65G42,56,0,0
fgvve@Oradinosaur.com,Wayne,Mendez,OX44Z97T98,98,1,0
wzzhb@Oradinosaur.com,Amanda,Austin,ZE74A24A67,32,1,0
dzlgp@Oradinosaur.com,Ralph,Sharp,BN57L62R49,73,0,0
mfkwa@Oradinosaur.com,Georgia,Mathis,DG50P23O63,14,0,0
jincy@Oradinosaur.com,Eugenia,Becker,SP20V57W55,71,0,0
zykwz@Oradinosaur.com,Bertha,Guzman,DM10P62M37,15,0,0
vgzwv@Oradinosaur.com,Lucinda,Wade,JC83D61J51,80,1,0
dwdng@Oradinosaur.com,Erik,Klein,SN11M48M35,80,0,0
jomvb@Oradinosaur.com,Anne,Santos,MO61T68L13,13,1,0
vuvba@Oradinosaur.com,Jeremy,Harris,OM41G20H82,12,0,0
oiqor@Oradinosaur.com,Daisy,Vaughn,AK16U64R18,58,0,0
cohyw@Oradinosaur.com,Lena,Walters,YV14N63T98,80,0,0
euaer@Oradinosaur.com,Seth,Bowen,XY63K28T49,81,0,0
hicmp@Oradinosaur.com,Birdie,Hunt,PJ32Y52X91,98,1,0
qyitb@Oradinosaur.com,Irene,Brewer,WY73O91B16,22,1,0
mhmoo@Oradinosaur.com,Raymond,Fletcher,QV87V36W97,21,0,0
twrxo@Oradinosaur.com,Victoria,Morris,HF43H45K18,86,0,0
knhcc@Oradinosaur.com,Steven,Baldwin,HK16G20P74,42,1,0
jrmzs@Oradinosaur.com,Walter,Jackson,VU43X15A20,46,1,0
vuuav@Oradinosaur.com,Louisa,Porter,XZ76M78Y72,76,1,0
cklue@Oradinosaur.com,Joshua,Guerrero,CR13T30K73,40,1,0
esnrx@Oradinosaur.com,Lucy,Roy,PF91V61V24,84,0,0
cuafe@Oradinosaur.com,Lloyd,Brown,RD92E29N41,76,0,0
vnrgh@Oradinosaur.com,Shane,Allison,QP98C49J15,31,0,0
hdsfa@Oradinosaur.com,Edwin,Dunn,RT27F10E26,66,0,0
ybpkg@Oradinosaur.com,Chester,Huff,PE46J16S50,78,0,0
fkvzi@Oradinosaur.com,Tyler,Guerrero,LD94Z74E94,25,1,0
cgnvx@Oradinosaur.com,Tommy,Keller,PF86R14R78,82,1,0
aaftj@Oradinosaur.com,Clarence,Woods,IS68U17G26,76,0,0
iapll@Oradinosaur.com,Justin,Carroll,CQ76R93Y38,33,1,0
wmcmv@Oradinosaur.com,Ella,Stevenson,OY42A74J76,99,0,0
vjirk@Oradinosaur.com,Henry,Price,MO48Z19H78,32,0,0
shobt@Oradinosaur.com,Frank,McGee,OV59P20N26,36,1,0
uruvr@Oradinosaur.com,Mittie,Norton,CV41H61M98,90,1,0
ueujj@Oradinosaur.com,Jonathan,Graves,LV72H81W34,99,0,0
mkeij@Oradinosaur.com,Myrtie,Vaughn,OU36Q53J17,38,1,0
jineq@Oradinosaur.com,Fred,Singleton,NC97J75H18,58,0,0
etonw@Oradinosaur.com,Michael,Lambert,EC17O28V96,37,1,0
ovaeh@Oradinosaur.com,Alejandro,Jacobs,GG35R20Z87,21,1,0
vcsfy@Oradinosaur.com,Ian,Wilkins,XC63O34U99,15,1,0
kuelw@Oradinosaur.com,Wayne,Marsh,MT33G41T67,100,0,0
dzera@Oradinosaur.com,Joseph,Walters,CM39T13B22,25,1,0
xdrol@Oradinosaur.com,Adelaide,Summers,LX32V46A25,54,0,0
nbnln@Oradinosaur.com,Olga,Carter,BO13E23X51,18,0,0
ghkgy@Oradinosaur.com,Gary,Kim,AS61R25N77,99,1,0
ghswp@Oradinosaur.com,Keith,Paul,OA45I70M94,89,1,0
kkjpg@Oradinosaur.com,Edward,McLaughlin,QD65D62V97,51,1,0
gxntm@Oradinosaur.com,Violet,Jenkins,DY63M79P46,38,1,0
wlkic@Oradinosaur.com,Nell,Hale,YJ91I77B40,65,1,0
umjyy@Oradinosaur.com,Jacob,Grant,LF40L30N27,35,1,0
vpitd@Oradinosaur.com,Jeff,Schneider,HV11A57G39,73,0,0
odfmk@Oradinosaur.com,Charlotte,Hicks,JF87S50W43,54,0,0
xucmq@Oradinosaur.com,Edith,Hoffman,NW82Z69I49,76,0,0
plyev@Oradinosaur.com,Flora,Gilbert,SU58W16I49,28,1,0
dwtsh@Oradinosaur.com,Johnny,Mendoza,VO44H52U65,98,1,0
ipsfs@Oradinosaur.com,John,McCormick,VC59B51J31,91,0,0
mtdjd@Oradinosaur.com,Lee,Moody,VA84N30D50,90,1,0
jqlbo@Oradinosaur.com,Kyle,Lewis,UO75D90S54,41,1,0
zagkm@Oradinosaur.com,Jennie,Nelson,BB65L15L72,26,1,0
kymuk@Oradinosaur.com,Frank,Anderson,SF25D82V76,56,1,0
sjkmu@Oradinosaur.com,Eliza,May,MV11X34C39,28,1,0
aaddo@Oradinosaur.com,Eula,Curtis,MK87P57A34,15,0,0
gzkhl@Oradinosaur.com,Jeffrey,Underwood,KX81T71J80,24,1,0
bmigz@Oradinosaur.com,Darrell,Todd,SN56X78G30,66,0,0
qnmor@Oradinosaur.com,Mary,Mann,BV93W66W10,75,1,0
mpcin@Oradinosaur.com,Carolyn,Grant,LH37F25F81,89,0,0
cybgy@Oradinosaur.com,Stella,Carroll,VK53M89C47,14,0,0
fepfh@Oradinosaur.com,Nelle,Lynch,RS77T24J48,81,1,0
wjrqh@Oradinosaur.com,Cecilia,Holt,QC54H51S80,23,0,0
xhthy@Oradinosaur.com,Hattie,Flores,II96M21R99,97,0,0
xnzej@Oradinosaur.com,Lewis,Sutton,QF45X62G51,98,1,0
kbqpk@Oradinosaur.com,Edgar,Estrada,DF53A68L24,58,0,0
zbnaj@Oradinosaur.com,Nettie,Bridges,KZ91L10K47,15,1,0
ojxzo@Oradinosaur.com,Nellie,Dunn,VO55H27K73,25,1,0
mivly@Oradinosaur.com,Darrell,Boone,UV42Z37E52,87,1,0
mqsan@Oradinosaur.com,Carl,Yates,XM69Q10X27,48,1,0
unguo@Oradinosaur.com,Henry,Miller,NR91M42U74,100,1,0
asjcv@Oradinosaur.com,Christine,West,DP23W62W25,67,1,0
hpydx@Oradinosaur.com,Leon,Crawford,YW91R72N42,51,1,0
vlqyd@Oradinosaur.com,Hannah,Franklin,WG92K33O47,75,0,0
jtckt@Oradinosaur.com,Dustin,Reese,ZU55U17C45,25,0,0
csjoy@Oradinosaur.com,Vera,McKenzie,UP51P79W60,35,0,0
tldgc@Oradinosaur.com,Agnes,Wolfe,VE44Q10P44,61,1,0
feyba@Oradinosaur.com,Edith,Wright,KY33D62D27,51,1,0
fkvhm@Oradinosaur.com,Ricardo,Wilkerson,EV61H44T66,52,1,0
sjuom@Oradinosaur.com,Frank,Simmons,ZN17Z25K49,31,1,0
mzdxn@Oradinosaur.com,Sean,Herrera,WF54H94J39,31,1,0
ummbe@Oradinosaur.com,Madge,Reynolds,LG23O60O30,81,1,0
shxum@Oradinosaur.com,Luke,Erickson,BE49M76Z84,85,1,0
korrv@Oradinosaur.com,Ethel,Caldwell,IC49T51Y83,53,0,0
oqlsq@Oradinosaur.com,Devin,Jefferson,PT69T65L78,84,1,0
xbphs@Oradinosaur.com,Olive,Bell,VL77E85H70,72,1,0
ocbvv@Oradinosaur.com,Linnie,Moran,PN70W44W62,89,0,0
wxzfq@Oradinosaur.com,Hannah,Thomas,SR77N67L72,77,1,0
ygurf@Oradinosaur.com,Tom,Goodman,XL14P99V37,71,0,0
lmwpz@Oradinosaur.com,Cecelia,Morrison,CB90V44W93,77,0,0
ffiqz@Oradinosaur.com,Justin,Pena,KB63K33E16,15,0,0
cityq@Oradinosaur.com,Loretta,Drake,ST20T62H43,23,0,0
rjuqg@Oradinosaur.com,Hettie,Wade,JO80V75X99,67,0,0
habgk@Oradinosaur.com,Frederick,Casey,FJ72K19S42,24,1,0
gyfxg@Oradinosaur.com,Marc,Collins,RB64F32W43,74,1,0
qpckw@Oradinosaur.com,Theodore,Nguyen,CM65K57K56,47,1,0
rhjcp@Oradinosaur.com,Josie,Wagner,EZ57Y57W24,84,0,0
wfauk@Oradinosaur.com,Lillian,Munoz,CY89K33J75,18,1,0
rqllv@Oradinosaur.com,Olga,Andrews,WC90Y73K51,93,0,0
ojtag@Oradinosaur.com,Isabella,Chavez,BH79N11V26,49,0,0
azbzs@Oradinosaur.com,Elva,Warren,XE49V32G24,48,1,0
qhowo@Oradinosaur.com,Cory,Hicks,GL44K94N80,27,0,0
rxchf@Oradinosaur.com,Ryan,Quinn,KQ85M58X25,16,0,0
tciyv@Oradinosaur.com,Mayme,Peters,CI61J28K91,79,1,0
faoui@Oradinosaur.com,Gertrude,Sanchez,YX75W49O10,63,0,0
wdysm@Oradinosaur.com,Russell,Harvey,TB33N40I45,34,0,0
odptl@Oradinosaur.com,Linnie,Houston,VB43B60A64,13,1,0
gaiab@Oradinosaur.com,Jesus,Evans,JU43H30O10,88,0,0
uchks@Oradinosaur.com,Essie,Jordan,RM87G28C37,80,1,0
lwoac@Oradinosaur.com,Ethel,Estrada,NB73I30B82,17,0,0
iqpnj@Oradinosaur.com,Josie,Day,JU99W20O36,50,1,0
feruj@Oradinosaur.com,Edgar,Haynes,ZG14Y11Z40,49,1,0
fcvpy@Oradinosaur.com,Glenn,Malone,QS25N32P78,57,0,0
aipif@Oradinosaur.com,Rosa,Pearson,KG68H39V68,100,0,0
oufph@Oradinosaur.com,Alvin,Jennings,HG63F38M16,35,1,0
vfgpz@Oradinosaur.com,Brett,White,HJ39S60P26,60,1,0
adqwa@Oradinosaur.com,Alma,Cruz,KA76O66Q48,30,1,0
wogqo@Oradinosaur.com,Amy,Santos,KF11Q94B79,93,1,0
dthga@Oradinosaur.com,James,Tate,NB41T58I83,42,0,0
foqpj@Oradinosaur.com,Jacob,Arnold,YF71S97U43,19,1,0
gpupo@Oradinosaur.com,Joel,Jordan,HN40C92C73,23,0,0
gkwtm@Oradinosaur.com,Mable,Clayton,HT32J13T56,36,1,0
vrbvd@Oradinosaur.com,Fanny,Vargas,VP53O45J53,85,1,0
qwwml@Oradinosaur.com,Addie,Barker,EU46Z60W85,19,1,0
fxtsn@Oradinosaur.com,Michael,Norton,NR29F84P23,18,0,0
kwgwn@Oradinosaur.com,Jordan,Dawson,BG28C45G48,66,1,0
seetg@Oradinosaur.com,Bruce,Lee,JZ79R55H77,99,0,0
lcfbk@Oradinosaur.com,Lois,Guerrero,JM26E10U57,78,1,0
veqnv@Oradinosaur.com,Trevor,Lee,KO73O91S71,25,1,0
rzsau@Oradinosaur.com,Sylvia,Stephens,RX48Y95I93,79,1,0
dwvqh@Oradinosaur.com,Bryan,Cross,IJ47L81H41,76,0,0
wgmvd@Oradinosaur.com,Jared,Holloway,ZC41C95C93,16,1,0
mqmxu@Oradinosaur.com,Todd,King,NV60L32A20,50,1,0
oqbmp@Oradinosaur.com,Johnny,Olson,NA28M10O40,82,1,0
wlefe@Oradinosaur.com,Florence,Barnes,EB72Q33C56,35,1,0
dgmou@Oradinosaur.com,Matthew,Vaughn,FS60L98X53,22,1,0
dsrji@Oradinosaur.com,Jesse,Lawrence,YY18Q24R19,96,0,0
mluib@Oradinosaur.com,Cordelia,Larson,PE79S29C42,82,1,0
zdngb@Oradinosaur.com,Calvin,Park,DS33P55W45,83,0,0
qiddl@Oradinosaur.com,Jay,Baldwin,XY40T96K17,78,1,0
sqqhy@Oradinosaur.com,Craig,Jenkins,WE89Z83N45,93,0,0
lalez@Oradinosaur.com,Josephine,Gomez,IF57W91Y68,78,0,0
nvwsl@Oradinosaur.com,Chester,Reeves,LA65M20K27,22,1,0
toivw@Oradinosaur.com,Harriet,Perry,ZA10X72U98,58,0,0
chflf@Oradinosaur.com,Jorge,Christensen,EU24K37Z12,57,0,0
jdnpj@Oradinosaur.com,Alice,Vega,MX61X75J85,34,0,0
xjxee@Oradinosaur.com,Francis,Reynolds,NZ43S87N57,19,0,0
rqywr@Oradinosaur.com,Mable,Cortez,FF88T39D82,72,1,0
maczr@Oradinosaur.com,Ricky,Hansen,EJ64Y95A18,81,1,0
rkpqw@Oradinosaur.com,Augusta,Patrick,DH21W34R54,63,0,0
ncvro@Oradinosaur.com,Nina,Frank,BH10U84Z74,67,1,0
rsdci@Oradinosaur.com,Ernest,Burke,GX61U34V52,23,0,0
ayleb@Oradinosaur.com,Ora,Walker,ZG92H86S56,43,0,0
cynqp@Oradinosaur.com,Josephine,Neal,DK81K91S90,12,0,0
mclbq@Oradinosaur.com,Madge,Evans,MS39V67D43,26,1,0
fzjnc@Oradinosaur.com,Bertie,Cobb,FD44J16T51,75,1,0
xugep@Oradinosaur.com,Maude,Vega,LB18P49I58,44,1,0
ehwgw@Oradinosaur.com,Lola,Pittman,LI47A48E82,51,0,0
umqmo@Oradinosaur.com,Gertrude,Collier,JH34W44N79,58,1,0
epxli@Oradinosaur.com,Adrian,Park,OP40P79S24,77,1,0
bwohm@Oradinosaur.com,Leo,Estrada,KM63I22N91,44,0,0
vkfoo@Oradinosaur.com,Etta,Carroll,FM47O53L60,34,1,0
yfxea@Oradinosaur.com,Ida,Aguilar,AK51G73S18,92,1,0
qodxw@Oradinosaur.com,Maria,Miles,SV63S29Z52,99,1,0
roohy@Oradinosaur.com,Dollie,Wallace,WE82K77T77,75,1,0
gcenh@Oradinosaur.com,Esther,Carson,QS31R10Q68,44,1,0
